<?xml version="1.0"?>
<Runs Version="1" Minor="0">
	<Run Id="system_xlconcat_1_0_synth_1" LaunchDir="/home/gplanes/redpitaya_opt_control/feedback.xpr/Vivado_project/opt_control.runs/system_xlconcat_1_0_synth_1" FlowId="Vivado_Synthesis" FromStepId="vivado" ToStepId="vivado"/>
	<Run Id="system_axis_red_pitaya_adc_0_0_synth_1" LaunchDir="/home/gplanes/redpitaya_opt_control/feedback.xpr/Vivado_project/opt_control.runs/system_axis_red_pitaya_adc_0_0_synth_1" FlowId="Vivado_Synthesis" FromStepId="vivado" ToStepId="vivado"/>
	<Run Id="system_rst_ps7_0_125M_0_synth_1" LaunchDir="/home/gplanes/redpitaya_opt_control/feedback.xpr/Vivado_project/opt_control.runs/system_rst_ps7_0_125M_0_synth_1" FlowId="Vivado_Synthesis" FromStepId="vivado" ToStepId="vivado"/>
	<Run Id="system_signal_split_0_0_synth_1" LaunchDir="/home/gplanes/redpitaya_opt_control/feedback.xpr/Vivado_project/opt_control.runs/system_signal_split_0_0_synth_1" FlowId="Vivado_Synthesis" FromStepId="vivado" ToStepId="vivado"/>
	<Run Id="system_util_ds_buf_2_0_synth_1" LaunchDir="/home/gplanes/redpitaya_opt_control/feedback.xpr/Vivado_project/opt_control.runs/system_util_ds_buf_2_0_synth_1" FlowId="Vivado_Synthesis" FromStepId="vivado" ToStepId="vivado"/>
	<Run Id="system_axi_gpio_0_0_synth_1" LaunchDir="/home/gplanes/redpitaya_opt_control/feedback.xpr/Vivado_project/opt_control.runs/system_axi_gpio_0_0_synth_1" FlowId="Vivado_Synthesis" FromStepId="vivado" ToStepId="vivado"/>
	<Run Id="system_processing_system7_0_0_synth_1" LaunchDir="/home/gplanes/redpitaya_opt_control/feedback.xpr/Vivado_project/opt_control.runs/system_processing_system7_0_0_synth_1" FlowId="Vivado_Synthesis" FromStepId="vivado" ToStepId="vivado"/>
	<Run Id="system_util_ds_buf_1_0_synth_1" LaunchDir="/home/gplanes/redpitaya_opt_control/feedback.xpr/Vivado_project/opt_control.runs/system_util_ds_buf_1_0_synth_1" FlowId="Vivado_Synthesis" FromStepId="vivado" ToStepId="vivado"/>
	<Run Id="system_xlconstant_0_0_synth_1" LaunchDir="/home/gplanes/redpitaya_opt_control/feedback.xpr/Vivado_project/opt_control.runs/system_xlconstant_0_0_synth_1" FlowId="Vivado_Synthesis" FromStepId="vivado" ToStepId="vivado"/>
	<Run Id="system_xbar_0_synth_1" LaunchDir="/home/gplanes/redpitaya_opt_control/feedback.xpr/Vivado_project/opt_control.runs/system_xbar_0_synth_1" FlowId="Vivado_Synthesis" FromStepId="vivado" ToStepId="vivado"/>
	<Run Id="system_xlslice_0_0_synth_1" LaunchDir="/home/gplanes/redpitaya_opt_control/feedback.xpr/Vivado_project/opt_control.runs/system_xlslice_0_0_synth_1" FlowId="Vivado_Synthesis" FromStepId="vivado" ToStepId="vivado"/>
	<Run Id="system_axi_gpio_0_1_synth_1" LaunchDir="/home/gplanes/redpitaya_opt_control/feedback.xpr/Vivado_project/opt_control.runs/system_axi_gpio_0_1_synth_1" FlowId="Vivado_Synthesis" FromStepId="vivado" ToStepId="vivado"/>
	<Run Id="system_xlslice_0_1_synth_1" LaunchDir="/home/gplanes/redpitaya_opt_control/feedback.xpr/Vivado_project/opt_control.runs/system_xlslice_0_1_synth_1" FlowId="Vivado_Synthesis" FromStepId="vivado" ToStepId="vivado"/>
	<Run Id="system_c_shift_ram_0_0_synth_1" LaunchDir="/home/gplanes/redpitaya_opt_control/feedback.xpr/Vivado_project/opt_control.runs/system_c_shift_ram_0_0_synth_1" FlowId="Vivado_Synthesis" FromStepId="vivado" ToStepId="vivado"/>
	<Run Id="system_kalman_activate_0_synth_1" LaunchDir="/home/gplanes/redpitaya_opt_control/feedback.xpr/Vivado_project/opt_control.runs/system_kalman_activate_0_synth_1" FlowId="Vivado_Synthesis" FromStepId="vivado" ToStepId="vivado"/>
	<Run Id="system_c_shift_ram_0_1_synth_1" LaunchDir="/home/gplanes/redpitaya_opt_control/feedback.xpr/Vivado_project/opt_control.runs/system_c_shift_ram_0_1_synth_1" FlowId="Vivado_Synthesis" FromStepId="vivado" ToStepId="vivado"/>
	<Run Id="system_xlconcat_0_0_synth_1" LaunchDir="/home/gplanes/redpitaya_opt_control/feedback.xpr/Vivado_project/opt_control.runs/system_xlconcat_0_0_synth_1" FlowId="Vivado_Synthesis" FromStepId="vivado" ToStepId="vivado"/>
	<Run Id="system_xlconstant_0_1_synth_1" LaunchDir="/home/gplanes/redpitaya_opt_control/feedback.xpr/Vivado_project/opt_control.runs/system_xlconstant_0_1_synth_1" FlowId="Vivado_Synthesis" FromStepId="vivado" ToStepId="vivado"/>
	<Run Id="system_input_2_0_synth_1" LaunchDir="/home/gplanes/redpitaya_opt_control/feedback.xpr/Vivado_project/opt_control.runs/system_input_2_0_synth_1" FlowId="Vivado_Synthesis" FromStepId="vivado" ToStepId="vivado"/>
	<Run Id="system_c_counter_binary_0_0_synth_1" LaunchDir="/home/gplanes/redpitaya_opt_control/feedback.xpr/Vivado_project/opt_control.runs/system_c_counter_binary_0_0_synth_1" FlowId="Vivado_Synthesis" FromStepId="vivado" ToStepId="vivado"/>
	<Run Id="system_rp_pid_0_0_synth_1" LaunchDir="/home/gplanes/redpitaya_opt_control/feedback.xpr/Vivado_project/opt_control.runs/system_rp_pid_0_0_synth_1" FlowId="Vivado_Synthesis" FromStepId="vivado" ToStepId="vivado"/>
	<Run Id="system_dynam_variance_0_0_synth_1" LaunchDir="/home/gplanes/redpitaya_opt_control/feedback.xpr/Vivado_project/opt_control.runs/system_dynam_variance_0_0_synth_1" FlowId="Vivado_Synthesis" FromStepId="vivado" ToStepId="vivado"/>
	<Run Id="system_xlslice_0_2_synth_1" LaunchDir="/home/gplanes/redpitaya_opt_control/feedback.xpr/Vivado_project/opt_control.runs/system_xlslice_0_2_synth_1" FlowId="Vivado_Synthesis" FromStepId="vivado" ToStepId="vivado"/>
	<Run Id="system_auto_pc_0_synth_1" LaunchDir="/home/gplanes/redpitaya_opt_control/feedback.xpr/Vivado_project/opt_control.runs/system_auto_pc_0_synth_1" FlowId="Vivado_Synthesis" FromStepId="vivado" ToStepId="vivado"/>
	<Run Id="synth_3" LaunchDir="/home/gplanes/redpitaya_opt_control/feedback.xpr/Vivado_project/opt_control.runs/synth_3" FlowId="Vivado_Synthesis" FromStepId="vivado" ToStepId="vivado">
		<Parent Id="system_xlconcat_1_0_synth_1"/>
		<Parent Id="system_axis_red_pitaya_adc_0_0_synth_1"/>
		<Parent Id="system_rst_ps7_0_125M_0_synth_1"/>
		<Parent Id="system_signal_split_0_0_synth_1"/>
		<Parent Id="system_util_ds_buf_2_0_synth_1"/>
		<Parent Id="system_axi_gpio_0_0_synth_1"/>
		<Parent Id="system_processing_system7_0_0_synth_1"/>
		<Parent Id="system_util_ds_buf_1_0_synth_1"/>
		<Parent Id="system_xlconstant_0_0_synth_1"/>
		<Parent Id="system_xbar_0_synth_1"/>
		<Parent Id="system_xlslice_0_0_synth_1"/>
		<Parent Id="system_axi_gpio_0_1_synth_1"/>
		<Parent Id="system_xlslice_0_1_synth_1"/>
		<Parent Id="system_c_shift_ram_0_0_synth_1"/>
		<Parent Id="system_kalman_activate_0_synth_1"/>
		<Parent Id="system_c_shift_ram_0_1_synth_1"/>
		<Parent Id="system_xlconcat_0_0_synth_1"/>
		<Parent Id="system_xlconstant_0_1_synth_1"/>
		<Parent Id="system_input_2_0_synth_1"/>
		<Parent Id="system_c_counter_binary_0_0_synth_1"/>
		<Parent Id="system_rp_pid_0_0_synth_1"/>
		<Parent Id="system_dynam_variance_0_0_synth_1"/>
		<Parent Id="system_xlslice_0_2_synth_1"/>
		<Parent Id="system_auto_pc_0_synth_1"/>
	</Run>
	<Run Id="impl_3" LaunchDir="/home/gplanes/redpitaya_opt_control/feedback.xpr/Vivado_project/opt_control.runs/impl_3" FlowId="Vivado_Implementation" FromStepId="init_design" ToStepId="write_bitstream">
		<Parent Id="synth_3"/>
		<Parent Id="system_xlconcat_1_0_synth_1"/>
		<Parent Id="system_axis_red_pitaya_adc_0_0_synth_1"/>
		<Parent Id="system_rst_ps7_0_125M_0_synth_1"/>
		<Parent Id="system_signal_split_0_0_synth_1"/>
		<Parent Id="system_util_ds_buf_2_0_synth_1"/>
		<Parent Id="system_axi_gpio_0_0_synth_1"/>
		<Parent Id="system_processing_system7_0_0_synth_1"/>
		<Parent Id="system_util_ds_buf_1_0_synth_1"/>
		<Parent Id="system_xlconstant_0_0_synth_1"/>
		<Parent Id="system_xbar_0_synth_1"/>
		<Parent Id="system_xlslice_0_0_synth_1"/>
		<Parent Id="system_axi_gpio_0_1_synth_1"/>
		<Parent Id="system_xlslice_0_1_synth_1"/>
		<Parent Id="system_c_shift_ram_0_0_synth_1"/>
		<Parent Id="system_kalman_activate_0_synth_1"/>
		<Parent Id="system_c_shift_ram_0_1_synth_1"/>
		<Parent Id="system_xlconcat_0_0_synth_1"/>
		<Parent Id="system_xlconstant_0_1_synth_1"/>
		<Parent Id="system_input_2_0_synth_1"/>
		<Parent Id="system_c_counter_binary_0_0_synth_1"/>
		<Parent Id="system_rp_pid_0_0_synth_1"/>
		<Parent Id="system_dynam_variance_0_0_synth_1"/>
		<Parent Id="system_xlslice_0_2_synth_1"/>
		<Parent Id="system_auto_pc_0_synth_1"/>
	</Run>
</Runs>

